/*
Navicat MySQL Data Transfer

Source Server         : 192.168.2.229
Source Server Version : 50616
Source Host           : 192.168.2.229:3306
Source Database       : exhibition_new

Target Server Type    : MYSQL
Target Server Version : 50616
File Encoding         : 65001

Date: 2016-02-23 15:33:02
*/

SET FOREIGN_KEY_CHECKS=0;

-- ----------------------------
-- Table structure for sys_dict
-- ----------------------------
DROP TABLE IF EXISTS `sys_dict`;
CREATE TABLE `sys_dict` (
  `id` varchar(64) NOT NULL COMMENT '编号',
  `value` varchar(100) NOT NULL COMMENT '数据值',
  `label` varchar(100) NOT NULL COMMENT '标签名',
  `type` varchar(100) NOT NULL COMMENT '类型',
  `description` varchar(100) NOT NULL COMMENT '描述',
  `sort` decimal(10,0) NOT NULL COMMENT '排序（升序）',
  `parent_id` varchar(64) DEFAULT '0' COMMENT '父级编号',
  `create_by` varchar(64) NOT NULL COMMENT '创建者',
  `create_date` datetime NOT NULL COMMENT '创建时间',
  `update_by` varchar(64) NOT NULL COMMENT '更新者',
  `update_date` datetime NOT NULL COMMENT '更新时间',
  `remarks` varchar(255) DEFAULT NULL COMMENT '备注信息',
  `del_flag` char(1) NOT NULL DEFAULT '0' COMMENT '删除标记',
  PRIMARY KEY (`id`),
  KEY `sys_dict_value` (`value`),
  KEY `sys_dict_label` (`label`),
  KEY `sys_dict_del_flag` (`del_flag`)
) ENGINE=InnoDB DEFAULT CHARSET=utf8 COMMENT='字典表';

-- ----------------------------
-- Records of sys_dict
-- ----------------------------
INSERT INTO `sys_dict` VALUES ('1', '0', '正常', 'del_flag', '删除标记', '10', '0', '1', '2013-05-27 08:00:00', '1', '2013-05-27 08:00:00', null, '0');
INSERT INTO `sys_dict` VALUES ('10', 'yellow', '黄色', 'color', '颜色值', '40', '0', '1', '2013-05-27 08:00:00', '1', '2013-05-27 08:00:00', null, '0');
INSERT INTO `sys_dict` VALUES ('11', 'orange', '橙色', 'color', '颜色值', '50', '0', '1', '2013-05-27 08:00:00', '1', '2013-05-27 08:00:00', null, '0');
INSERT INTO `sys_dict` VALUES ('12', 'default', '默认主题', 'theme', '主题方案', '10', '0', '1', '2013-05-27 08:00:00', '1', '2013-05-27 08:00:00', null, '0');
INSERT INTO `sys_dict` VALUES ('13', 'cerulean', '天蓝主题', 'theme', '主题方案', '20', '0', '1', '2013-05-27 08:00:00', '1', '2013-05-27 08:00:00', null, '0');
INSERT INTO `sys_dict` VALUES ('14', 'readable', '橙色主题', 'theme', '主题方案', '30', '0', '1', '2013-05-27 08:00:00', '1', '2013-05-27 08:00:00', null, '0');
INSERT INTO `sys_dict` VALUES ('15', 'united', '红色主题', 'theme', '主题方案', '40', '0', '1', '2013-05-27 08:00:00', '1', '2013-05-27 08:00:00', null, '0');
INSERT INTO `sys_dict` VALUES ('16', 'flat', 'Flat主题', 'theme', '主题方案', '60', '0', '1', '2013-05-27 08:00:00', '1', '2013-05-27 08:00:00', null, '0');
INSERT INTO `sys_dict` VALUES ('2', '1', '删除', 'del_flag', '删除标记', '20', '0', '1', '2013-05-27 08:00:00', '1', '2013-05-27 08:00:00', null, '0');
INSERT INTO `sys_dict` VALUES ('3', '1', '显示', 'show_hide', '显示/隐藏', '10', '0', '1', '2013-05-27 08:00:00', '1', '2013-05-27 08:00:00', null, '0');
INSERT INTO `sys_dict` VALUES ('39', '1', '系统管理', 'sys_user_type', '用户类型', '10', '0', '1', '2013-05-27 08:00:00', '1', '2013-05-27 08:00:00', null, '0');
INSERT INTO `sys_dict` VALUES ('4', '0', '隐藏', 'show_hide', '显示/隐藏', '20', '0', '1', '2013-05-27 08:00:00', '1', '2013-05-27 08:00:00', null, '0');
INSERT INTO `sys_dict` VALUES ('40', '2', '部门经理', 'sys_user_type', '用户类型', '20', '0', '1', '2013-05-27 08:00:00', '1', '2013-05-27 08:00:00', null, '0');
INSERT INTO `sys_dict` VALUES ('41', '3', '普通用户', 'sys_user_type', '用户类型', '30', '0', '1', '2013-05-27 08:00:00', '1', '2013-05-27 08:00:00', null, '0');
INSERT INTO `sys_dict` VALUES ('5', '1', '是', 'yes_no', '是/否', '10', '0', '1', '2013-05-27 08:00:00', '1', '2013-05-27 08:00:00', null, '0');
INSERT INTO `sys_dict` VALUES ('6', '0', '否', 'yes_no', '是/否', '20', '0', '1', '2013-05-27 08:00:00', '1', '2013-05-27 08:00:00', null, '0');
INSERT INTO `sys_dict` VALUES ('67', '1', '接入日志', 'sys_log_type', '日志类型', '30', '0', '1', '2013-06-03 08:00:00', '1', '2013-06-03 08:00:00', null, '0');
INSERT INTO `sys_dict` VALUES ('68', '2', '异常日志', 'sys_log_type', '日志类型', '40', '0', '1', '2013-06-03 08:00:00', '1', '2013-06-03 08:00:00', null, '0');
INSERT INTO `sys_dict` VALUES ('7', 'red', '红色', 'color', '颜色值', '10', '0', '1', '2013-05-27 08:00:00', '1', '2016-02-23 09:54:32', '', '0');
INSERT INTO `sys_dict` VALUES ('8', 'green', '绿色', 'color', '颜色值', '20', '0', '1', '2013-05-27 08:00:00', '1', '2013-05-27 08:00:00', null, '0');
INSERT INTO `sys_dict` VALUES ('9', 'blue', '蓝色', 'color', '颜色值', '30', '0', '1', '2013-05-27 08:00:00', '1', '2013-05-27 08:00:00', null, '0');
INSERT INTO `sys_dict` VALUES ('96', '1', '男', 'sex', '性别', '10', '0', '1', '2013-10-28 08:00:00', '1', '2013-10-28 08:00:00', null, '0');
INSERT INTO `sys_dict` VALUES ('97', '2', '女', 'sex', '性别', '20', '0', '1', '2013-10-28 08:00:00', '1', '2013-10-28 08:00:00', null, '0');

-- ----------------------------
-- Table structure for sys_log
-- ----------------------------
DROP TABLE IF EXISTS `sys_log`;
CREATE TABLE `sys_log` (
  `id` varchar(64) NOT NULL COMMENT '编号',
  `type` char(1) DEFAULT '1' COMMENT '日志类型',
  `title` varchar(255) DEFAULT '' COMMENT '日志标题',
  `create_by` varchar(64) DEFAULT NULL COMMENT '创建者',
  `create_date` datetime DEFAULT NULL COMMENT '创建时间',
  `remote_addr` varchar(255) DEFAULT NULL COMMENT '操作IP地址',
  `user_agent` varchar(255) DEFAULT NULL COMMENT '用户代理',
  `request_uri` varchar(255) DEFAULT NULL COMMENT '请求URI',
  `method` varchar(5) DEFAULT NULL COMMENT '操作方式',
  `params` text COMMENT '操作提交的数据',
  `exception` text COMMENT '异常信息',
  PRIMARY KEY (`id`),
  KEY `sys_log_create_by` (`create_by`),
  KEY `sys_log_request_uri` (`request_uri`),
  KEY `sys_log_type` (`type`),
  KEY `sys_log_create_date` (`create_date`)
) ENGINE=InnoDB DEFAULT CHARSET=utf8 COMMENT='日志表';

-- ----------------------------
-- Records of sys_log
-- ----------------------------

-- ----------------------------
-- Table structure for sys_menu
-- ----------------------------
DROP TABLE IF EXISTS `sys_menu`;
CREATE TABLE `sys_menu` (
  `id` varchar(64) NOT NULL COMMENT '编号',
  `parent_id` varchar(64) NOT NULL COMMENT '父级编号',
  `parent_ids` varchar(2000) NOT NULL COMMENT '所有父级编号',
  `name` varchar(100) NOT NULL COMMENT '名称',
  `sort` decimal(10,0) NOT NULL COMMENT '排序',
  `href` varchar(2000) DEFAULT NULL COMMENT '链接',
  `target` varchar(20) DEFAULT NULL COMMENT '目标',
  `icon` varchar(100) DEFAULT NULL COMMENT '图标',
  `is_show` char(1) NOT NULL COMMENT '是否在菜单中显示',
  `permission` varchar(200) DEFAULT NULL COMMENT '权限标识',
  `create_by` varchar(64) NOT NULL COMMENT '创建者',
  `create_date` datetime NOT NULL COMMENT '创建时间',
  `update_by` varchar(64) NOT NULL COMMENT '更新者',
  `update_date` datetime NOT NULL COMMENT '更新时间',
  `remarks` varchar(255) DEFAULT NULL COMMENT '备注信息',
  `del_flag` char(1) NOT NULL DEFAULT '0' COMMENT '删除标记',
  PRIMARY KEY (`id`),
  KEY `sys_menu_parent_id` (`parent_id`),
  KEY `sys_menu_del_flag` (`del_flag`)
) ENGINE=InnoDB DEFAULT CHARSET=utf8 COMMENT='菜单表';

-- ----------------------------
-- Records of sys_menu
-- ----------------------------
INSERT INTO `sys_menu` VALUES ('1', '0', '0,', '功能菜单', '0', '', '', '', '1', '', '1', '2013-05-27 08:00:00', '1', '2013-05-27 08:00:00', '', '0');
INSERT INTO `sys_menu` VALUES ('10', '3', '0,1,2,3,', '字典管理', '60', '/sys/dict/', '', 'th-list', '1', 'sys:dict:view', '1', '2013-05-27 08:00:00', '1', '2016-02-23 14:59:56', '', '0');
INSERT INTO `sys_menu` VALUES ('12', '10', '0,1,2,3,10,', '修改', '40', '', '', '', '0', 'sys:dict:edit', '1', '2013-05-27 08:00:00', '1', '2013-05-27 08:00:00', '', '0');
INSERT INTO `sys_menu` VALUES ('13', '2', '0,1,2,', '系统用户', '970', '', '', '', '1', '', '1', '2013-05-27 08:00:00', '1', '2016-02-23 10:36:07', '', '0');
INSERT INTO `sys_menu` VALUES ('2', '1', '0,1,', '系统设置', '900', '', '', '', '1', '', '1', '2013-05-27 08:00:00', '1', '2013-05-27 08:00:00', '', '0');
INSERT INTO `sys_menu` VALUES ('20', '13', '0,1,2,13,', '用户管理', '20', '/sys/user/list', '', 'user', '1', 'sys:user:view', '1', '2013-05-27 08:00:00', '1', '2016-02-23 12:08:21', '', '0');
INSERT INTO `sys_menu` VALUES ('22', '20', '0,1,2,13,20,', '修改', '40', '', '', '', '0', 'sys:user:edit', '1', '2013-05-27 08:00:00', '1', '2013-05-27 08:00:00', '', '0');
INSERT INTO `sys_menu` VALUES ('27', '1', '0,1,', '我的面板', '100', '', '', '', '1', '', '1', '2013-05-27 08:00:00', '1', '2013-05-27 08:00:00', '', '0');
INSERT INTO `sys_menu` VALUES ('28', '27', '0,1,27,', '个人信息', '30', '', '', '', '1', '', '1', '2013-05-27 08:00:00', '1', '2013-05-27 08:00:00', '', '0');
INSERT INTO `sys_menu` VALUES ('29', '28', '0,1,27,28,', '个人信息', '30', '/sys/user/info', '', 'user', '1', '', '1', '2013-05-27 08:00:00', '1', '2013-05-27 08:00:00', '', '0');
INSERT INTO `sys_menu` VALUES ('3', '2', '0,1,2,', '系统设置', '980', '', '', '', '1', '', '1', '2013-05-27 08:00:00', '1', '2013-05-27 08:00:00', '', '0');
INSERT INTO `sys_menu` VALUES ('30', '28', '0,1,27,28,', '修改密码', '40', '/sys/user/modifyPwd', '', 'lock', '1', '', '1', '2013-05-27 08:00:00', '1', '2013-05-27 08:00:00', '', '0');
INSERT INTO `sys_menu` VALUES ('4', '3', '0,1,2,3,', '菜单管理', '40', '/sys/menu/', '', 'list-alt', '1', 'sys:menu:view', '1', '2013-05-27 08:00:00', '1', '2016-02-23 14:59:26', '', '0');
INSERT INTO `sys_menu` VALUES ('56', '71', '0,1,27,71,', '文件管理', '90', '/../static/ckfinder/ckfinder.html', '', 'folder-open', '1', '', '1', '2013-05-27 08:00:00', '1', '2013-05-27 08:00:00', '', '0');
INSERT INTO `sys_menu` VALUES ('57', '56', '0,1,27,40,56,', '查看', '30', '', '', '', '0', 'cms:ckfinder:view', '1', '2013-05-27 08:00:00', '1', '2013-05-27 08:00:00', '', '0');
INSERT INTO `sys_menu` VALUES ('58', '56', '0,1,27,40,56,', '上传', '40', '', '', '', '0', 'cms:ckfinder:upload', '1', '2013-05-27 08:00:00', '1', '2013-05-27 08:00:00', '', '0');
INSERT INTO `sys_menu` VALUES ('59', '56', '0,1,27,40,56,', '修改', '50', '', '', '', '0', 'cms:ckfinder:edit', '1', '2013-05-27 08:00:00', '1', '2013-05-27 08:00:00', '', '0');
INSERT INTO `sys_menu` VALUES ('6', '4', '0,1,2,3,4,', '修改', '40', '', '', '', '0', 'sys:menu:edit', '1', '2013-05-27 08:00:00', '1', '2013-05-27 08:00:00', '', '0');
INSERT INTO `sys_menu` VALUES ('67', '2', '0,1,2,', '日志查询', '985', '', '', '', '1', '', '1', '2013-06-03 08:00:00', '1', '2013-06-03 08:00:00', '', '0');
INSERT INTO `sys_menu` VALUES ('68', '67', '0,1,2,67,', '日志查询', '30', '/sys/log', '', 'pencil', '1', 'sys:log:view', '1', '2013-06-03 08:00:00', '1', '2013-06-03 08:00:00', '', '0');
INSERT INTO `sys_menu` VALUES ('7', '3', '0,1,2,3,', '角色管理', '30', '/sys/role/', '', 'lock', '1', 'sys:role:view', '1', '2013-05-27 08:00:00', '1', '2016-02-23 14:58:48', '', '0');
INSERT INTO `sys_menu` VALUES ('71', '27', '0,1,27,', '文件管理', '90', '', '', '', '1', '', '1', '2013-05-27 08:00:00', '1', '2013-05-27 08:00:00', '', '0');
INSERT INTO `sys_menu` VALUES ('84', '67', '0,1,2,67,', '连接池监视', '40', '/../druid', '', '', '1', '', '1', '2013-10-18 08:00:00', '1', '2013-10-18 08:00:00', '', '0');
INSERT INTO `sys_menu` VALUES ('9', '7', '0,1,2,3,7,', '修改', '40', '', '', '', '0', 'sys:role:edit', '1', '2013-05-27 08:00:00', '1', '2013-05-27 08:00:00', '', '0');

-- ----------------------------
-- Table structure for sys_role
-- ----------------------------
DROP TABLE IF EXISTS `sys_role`;
CREATE TABLE `sys_role` (
  `id` varchar(64) NOT NULL COMMENT '编号',
  `name` varchar(100) NOT NULL COMMENT '角色名称',
  `enname` varchar(255) DEFAULT NULL COMMENT '英文名称',
  `role_type` varchar(255) DEFAULT NULL COMMENT '角色类型',
  `data_scope` char(1) DEFAULT NULL COMMENT '数据范围',
  `is_sys` varchar(64) DEFAULT NULL COMMENT '是否系统数据',
  `useable` varchar(64) DEFAULT NULL COMMENT '是否可用',
  `create_by` varchar(64) NOT NULL COMMENT '创建者',
  `create_date` datetime NOT NULL COMMENT '创建时间',
  `update_by` varchar(64) NOT NULL COMMENT '更新者',
  `update_date` datetime NOT NULL COMMENT '更新时间',
  `remarks` varchar(255) DEFAULT NULL COMMENT '备注信息',
  `del_flag` char(1) NOT NULL DEFAULT '0' COMMENT '删除标记',
  PRIMARY KEY (`id`),
  KEY `sys_role_del_flag` (`del_flag`),
  KEY `sys_role_enname` (`enname`)
) ENGINE=InnoDB DEFAULT CHARSET=utf8 COMMENT='角色表';

-- ----------------------------
-- Records of sys_role
-- ----------------------------
INSERT INTO `sys_role` VALUES ('1', '系统管理员', null, null, '8', '1', '1', '1', '2016-02-22 16:47:16', '1', '2016-02-23 15:13:04', '', '0');
INSERT INTO `sys_role` VALUES ('2', '运营人员', null, null, '1', '1', '1', '1', '2016-02-22 16:37:23', '1', '2016-02-23 15:13:46', '', '0');

-- ----------------------------
-- Table structure for sys_role_menu
-- ----------------------------
DROP TABLE IF EXISTS `sys_role_menu`;
CREATE TABLE `sys_role_menu` (
  `role_id` varchar(64) NOT NULL COMMENT '角色编号',
  `menu_id` varchar(64) NOT NULL COMMENT '菜单编号',
  PRIMARY KEY (`role_id`,`menu_id`)
) ENGINE=InnoDB DEFAULT CHARSET=utf8 COMMENT='角色-菜单';

-- ----------------------------
-- Records of sys_role_menu
-- ----------------------------
INSERT INTO `sys_role_menu` VALUES ('1', '1');
INSERT INTO `sys_role_menu` VALUES ('1', '10');
INSERT INTO `sys_role_menu` VALUES ('1', '12');
INSERT INTO `sys_role_menu` VALUES ('1', '13');
INSERT INTO `sys_role_menu` VALUES ('1', '2');
INSERT INTO `sys_role_menu` VALUES ('1', '20');
INSERT INTO `sys_role_menu` VALUES ('1', '22');
INSERT INTO `sys_role_menu` VALUES ('1', '27');
INSERT INTO `sys_role_menu` VALUES ('1', '28');
INSERT INTO `sys_role_menu` VALUES ('1', '29');
INSERT INTO `sys_role_menu` VALUES ('1', '3');
INSERT INTO `sys_role_menu` VALUES ('1', '30');
INSERT INTO `sys_role_menu` VALUES ('1', '4');
INSERT INTO `sys_role_menu` VALUES ('1', '56');
INSERT INTO `sys_role_menu` VALUES ('1', '57');
INSERT INTO `sys_role_menu` VALUES ('1', '58');
INSERT INTO `sys_role_menu` VALUES ('1', '59');
INSERT INTO `sys_role_menu` VALUES ('1', '6');
INSERT INTO `sys_role_menu` VALUES ('1', '67');
INSERT INTO `sys_role_menu` VALUES ('1', '68');
INSERT INTO `sys_role_menu` VALUES ('1', '7');
INSERT INTO `sys_role_menu` VALUES ('1', '71');
INSERT INTO `sys_role_menu` VALUES ('1', '84');
INSERT INTO `sys_role_menu` VALUES ('1', '9');
INSERT INTO `sys_role_menu` VALUES ('2', '1');
INSERT INTO `sys_role_menu` VALUES ('2', '27');
INSERT INTO `sys_role_menu` VALUES ('2', '28');
INSERT INTO `sys_role_menu` VALUES ('2', '29');
INSERT INTO `sys_role_menu` VALUES ('2', '30');
INSERT INTO `sys_role_menu` VALUES ('2', '56');
INSERT INTO `sys_role_menu` VALUES ('2', '57');
INSERT INTO `sys_role_menu` VALUES ('2', '58');
INSERT INTO `sys_role_menu` VALUES ('2', '59');
INSERT INTO `sys_role_menu` VALUES ('2', '71');

-- ----------------------------
-- Table structure for sys_user
-- ----------------------------
DROP TABLE IF EXISTS `sys_user`;
CREATE TABLE `sys_user` (
  `id` varchar(64) NOT NULL COMMENT '编号',
  `login_name` varchar(100) NOT NULL COMMENT '登录名',
  `password` varchar(100) NOT NULL COMMENT '密码',
  `no` varchar(100) DEFAULT NULL COMMENT '工号',
  `name` varchar(100) NOT NULL COMMENT '姓名',
  `email` varchar(200) DEFAULT NULL COMMENT '邮箱',
  `phone` varchar(200) DEFAULT NULL COMMENT '电话',
  `mobile` varchar(200) DEFAULT NULL COMMENT '手机',
  `user_type` char(1) DEFAULT NULL COMMENT '用户类型',
  `photo` varchar(1000) DEFAULT NULL COMMENT '用户头像',
  `login_ip` varchar(100) DEFAULT NULL COMMENT '最后登陆IP',
  `login_date` datetime DEFAULT NULL COMMENT '最后登陆时间',
  `login_flag` varchar(64) DEFAULT NULL COMMENT '是否可登录',
  `create_by` varchar(64) NOT NULL COMMENT '创建者',
  `create_date` datetime NOT NULL COMMENT '创建时间',
  `update_by` varchar(64) NOT NULL COMMENT '更新者',
  `update_date` datetime NOT NULL COMMENT '更新时间',
  `remarks` varchar(255) DEFAULT NULL COMMENT '备注信息',
  `del_flag` char(1) NOT NULL DEFAULT '0' COMMENT '删除标记',
  PRIMARY KEY (`id`),
  KEY `sys_user_login_name` (`login_name`),
  KEY `sys_user_update_date` (`update_date`),
  KEY `sys_user_del_flag` (`del_flag`)
) ENGINE=InnoDB DEFAULT CHARSET=utf8 COMMENT='用户表';

-- ----------------------------
-- Records of sys_user
-- ----------------------------
INSERT INTO `sys_user` VALUES ('1', 'admin', 'c601abc625739f93eafbdb1c5f352ab9350659b2beb7aaef26add015', null, '超级管理员', null, '8675', '8675', '', '', '0:0:0:0:0:0:0:1', '2016-02-23 15:25:35', '1', '1', '2013-05-27 08:00:00', '1', '2016-02-23 15:19:13', '最高管理员', '0');
INSERT INTO `sys_user` VALUES ('2', 'test', '102766ce4488f771184bf2e2f880f8feab8e7768b47d52e8edc6bf20', null, '系统管理员', null, '', '', '', '', '0:0:0:0:0:0:0:1', '2016-02-23 15:26:33', '1', '1', '2016-02-23 15:15:31', '1', '2016-02-23 15:19:43', '', '0');
INSERT INTO `sys_user` VALUES ('3', 'test1', '7a6775ad95bb868579e9b1b2e67667fbb2e9f0901a545e33fec056a9', null, '运营人员', null, '', '', '', '', '0:0:0:0:0:0:0:1', '2016-02-23 15:28:14', '1', '1', '2016-02-23 15:20:46', '1', '2016-02-23 15:20:46', '', '0');

-- ----------------------------
-- Table structure for sys_user_role
-- ----------------------------
DROP TABLE IF EXISTS `sys_user_role`;
CREATE TABLE `sys_user_role` (
  `user_id` varchar(64) NOT NULL COMMENT '用户编号',
  `role_id` varchar(64) NOT NULL COMMENT '角色编号',
  PRIMARY KEY (`user_id`,`role_id`)
) ENGINE=InnoDB DEFAULT CHARSET=utf8 COMMENT='用户-角色';

-- ----------------------------
-- Records of sys_user_role
-- ----------------------------
INSERT INTO `sys_user_role` VALUES ('1', '1');
INSERT INTO `sys_user_role` VALUES ('2', '1');
INSERT INTO `sys_user_role` VALUES ('3', '2');
